Feature1,Feature2,Feature3,Feature4,Class
0.012639010704890678,-1.1438876913274867,-1.7794496575321312,0.6809490823051156,B
0.03875227223919696,-1.7506149952402883,-1.1258353066524065,3.5523594845500046,B
0.6806769155808571,-1.5281703566998728,-1.9137192192668806,0.8108220373850014,B
-0.22438555340496177,0.1396235791251387,-1.2571017287865487,3.13495941858863,B
-0.48998323958186785,0.18391824812550422,1.7275421673289137,-1.6964287440268966,A
-1.3775675057615948,-0.9459542413592424,-2.06511206944257,-1.440287149083423,C
-0.6618289623812695,-0.5888005101602073,-2.303696909265111,-3.071779337161388,C
0.06137576466943457,-1.2860117794778265,-1.0620750053022792,2.297893996165384,B
-0.9020480359472912,-0.7094961137363052,-0.8972065539114439,-1.336667642084635,C
-0.5205665016737775,0.9828848602792176,1.6545071778737799,-1.5912061984298176,A
1.4420528508608548,-1.008722807746118,1.4713389490929116,-1.6631302647244322,A
0.954087096194054,0.5031058237629423,-1.6313898842503893,1.8630153639140954,B
0.40912474296490636,0.25033458578033313,-1.7433263819610163,-1.1875094457573827,C
1.301472578191428,0.031108009465884347,-2.779246176180128,-3.550519239051246,C
-1.2459588123732726,0.6852170841142385,0.8394394861976353,-1.2960815025688406,A
-0.595962813487048,0.34052184726384527,-1.0625240568163088,2.540677214689266,B
-0.9790232237826,0.08732369012176411,-0.8677673281694719,3.272769258121028,B
-0.13950908834633874,0.989718374339841,2.2451622592647333,-2.003938333866887,A
-0.3694724779278352,0.48681402915736205,-0.2639493192825919,-0.016235152053205137,C
0.29421663001221604,-0.40181959266233735,1.6308864026644707,-1.5626211732575532,A
-0.9004333322572036,-0.0829134725829567,-2.8948395146953048,-2.5840978699851025,C
0.4237765653420503,-0.2967115442980243,1.3732143860871378,-1.6348860108326895,A
-0.28647479510231794,-0.22296366839018042,1.54191693051249,-1.4152768257546513,A
-0.795467013431187,0.9886620842347392,1.5779153426037784,-1.5699878586271063,A
0.9962346827165595,0.586397797803827,-2.0276653501513984,-2.1670623064722516,C
-0.18066361760894817,0.49492922789354,1.7632734341496616,-1.7674449635550302,A
-0.626002614092902,-0.3013009710900592,-0.9987369997372662,1.1992026704932577,B
0.6442719281312286,-0.17632073040049986,-2.2521927018385712,-2.3010344456495155,C
-0.4881965977906889,-1.372341755208023,0.8855946079298148,-1.196391976050673,A
1.9321342736436258,-0.44730457675905816,-2.3822848124064073,-1.5902875711563471,C
-1.508072935388544,1.0289618466371595,-1.2902572646556392,-1.763735515928221,C
1.46540371449278,0.0525388573880348,-0.5518698811733402,-0.1619557720746747,C
0.13265939460140438,-0.1428897853124445,-1.2473475214161356,2.0691169273517898,B
0.0015689495818775022,1.30274257849587,-1.4079030844959344,1.8112037176732196,B
1.2023667013694332,0.35109062531801216,-1.1741808895492427,-1.626104128714967,C
0.37897811830070477,1.7717047203154377,1.142211314605133,-1.2834754460459241,A
0.42723052579765586,1.355618883725813,1.3503125780324061,1.5940993846513734,C
-1.665885628933553,-0.03691716367882829,-2.0402827447448297,-0.0475262641026899,B
-0.2797197460191622,-1.098016239100811,1.5670440629350801,-1.6317270539442168,A
-0.48985095088801983,-0.35736415386905135,-0.8599876159936668,1.9243084614655168,B
-0.7421446759816417,0.8951890609853184,-1.89913521374118,-1.8206312579364412,C
-0.6632613756586582,-0.7500383626144188,-0.8371594017110798,-0.2972386193711838,C
0.5810495962671459,0.05505069542276537,-1.5315776967493773,1.4401696641470074,C
0.17855125005355774,0.7261035221460457,-1.3846931684014212,1.2908544620332152,B
-0.07495746426083601,1.1236460438840181,-0.31914821172241736,-0.2607012612352073,C
1.1008303704063853,-0.14666184662422296,-1.457275815943112,-2.115285424463427,C
-0.9098446883153677,0.1286487352926228,-1.316663161475216,2.389049980996849,B
-0.04889074349169466,-0.41447969017501524,-1.4538777796596363,1.8169939637243657,B
-0.14248356030129597,0.45025843801513205,-1.8192621912718945,-0.1835842431448047,B
0.9347802885361122,0.36632012009382703,-3.2442147350039745,-2.091106905060548,C
-1.726832420630715,-0.7349410642321412,-1.4798756563386206,-0.572354046722279,C
0.39692379861150606,0.5917669734807812,1.134072090463208,-1.364258815808558,A
-1.2295998760796125,-0.19248924462630673,-1.544208479658747,-2.966222328293118,C
-1.24398842358416,0.3268355732598128,-1.2474084771243632,3.7719149756914763,B
-0.3872753614517164,0.5277011429000034,1.6594211763714497,-1.7092067323870082,A
1.643912987172342,2.2588896643412943,-1.666078023981773,-2.745427465439306,C
1.8373114014798053,1.0988989749668698,1.7837788226458606,-1.7147414452895724,A
1.7178414852361399,-0.544922967052016,-2.3852791209486437,-1.0847301158414904,C
0.7771113171886458,1.6579142072001523,1.6939885794700265,-1.458309369633375,A
-0.7127449980010111,-0.31305398599943723,-2.643407233557146,-2.609956045837843,C
0.3661572484386101,-1.5370459773429894,-1.1026003634782775,4.472935127305973,B
-1.0532143569005616,-0.6399565267806618,1.1130348903691063,-1.424770382210571,A
1.408681819533403,-0.45488868645847313,-1.9759098090501002,-2.4431355102622074,C
-0.6871361239376614,1.3852842267034406,-1.6989320240587256,0.26819465854549396,B
-0.26127246473836824,-2.8343265894555136,-1.0367534940343082,3.203883102408612,B
0.2513515773605955,-0.14222734643795437,1.9365147611924503,-1.4794986072830731,A
1.001891318600644,0.6347608791494903,-1.5877487797983025,1.9110823702705466,B
-1.7768087562920802,0.9820740703857397,-0.7980465692652332,1.5023365560741384,B
-0.0363877956681054,1.281766520545669,-0.9164688213546321,-0.8537654898875153,C
-0.20103141094865132,1.3600922098072608,-1.8455345529566292,1.7256420542508366,B
0.7822898435956793,-1.2787434224690322,-3.2288302983882424,-3.353353892920353,C
-1.0451658610027588,-0.6265332318509156,-0.5381522729252042,3.7523966824970523,B
-0.720120273330491,1.022177440342467,-1.1736030484750488,-1.8295445223286415,C
-0.0004179178496890256,-0.8318515908178409,1.4402280214589813,-1.4104502066165545,A
-0.8826300996933644,-1.2785635645274827,-1.4325698365295054,2.2998533651433086,B
0.48987687500550514,0.534790378273475,-2.119033895479519,-2.134353059386807,C
-0.10234692148076127,1.4765672150453564,-1.0332718476124951,-1.5843845747633636,C
1.6194347426805538,-0.01794897182304585,1.9751992413409543,-2.1183208058359817,A
0.2736221267007596,0.11023432330763838,1.8664883951077287,-1.6643617736848744,A
-0.4999316406071342,-0.0009968944805308039,-0.373673006180139,0.8811808530104579,C
-0.22098406497350434,-0.751427100004647,-0.077783399920764,-0.7372858234931572,C
-0.7588508163524044,0.930768370868688,1.182903699900342,-1.2516261153864845,A
2.745008671968284,0.3700890024068727,1.611791207367619,-1.556698440768785,A
-1.3273528752425752,-0.4528908597725042,-1.790476377596497,0.1632289968253564,B
-1.9918048273908682,1.3122626137947113,-1.3623496590608826,-0.9811949082170183,C
-1.3349201845539058,0.20568965578709747,-1.1992250149180674,2.285091697637966,B
-0.0929106131458122,0.660305195230186,1.7954661629897655,-1.5704664865356601,A
1.4469180327956601,-0.5176263010391934,-1.5936899489890666,1.292900414926604,B
-0.27785025814563763,-0.9049766929999988,-1.2663786133042108,0.7220172888221579,B
1.9710382288205315,-0.0540693144223971,-2.237270399369962,-1.9929992442008548,C
1.3911541122277118,-0.38964272065675987,-0.8833184231604534,1.4629228283485196,B
1.6132842133908942,1.3706025858018454,-2.2903735018128204,-2.55986756508794,C
-1.7589472832790187,-0.7109236598047877,-1.4164273750150103,-1.0399235691062678,C
-1.1474113667290788,0.1471786638652164,-0.835159879546384,-0.9002585548894855,C
-0.7616461748722115,0.8394189691292423,-1.191745927284956,-1.7299881070178926,C
0.18375841303373977,-0.6241965711821964,1.8481546397371142,-1.7925543682194742,A
-1.1783154356285903,1.2658730230361253,1.044767929049807,-0.23654663182531777,C
1.3308815763899278,0.11000294475389659,-2.2956456035112853,-2.765518611212059,C
0.02698581968005018,-0.5936033905360213,1.6497680692791554,-1.4105699457660559,A
-0.8131345260671633,-1.8891000964148221,1.7592966117893614,-1.4405861869111711,A
-0.7305013881208305,0.6290969571065647,-3.23481546818838,-3.0041338107913678,C
0.2302411428783004,0.8119017046656973,1.7015360325220137,-1.6264055594720668,A
0.4496923010373059,-0.5762824054783381,0.19264879172357308,0.6108905317853752,C
-1.4871768307656996,0.427957590298689,-1.4492904518239125,0.3233725938988872,B
-1.5299758775348313,1.2266833323626458,-1.1369139799561705,1.484394460099686,B
0.700612621442886,-0.016931207635704177,1.2139918069844244,-1.6417160613238637,A
-0.035288253796352136,0.3185319011799161,-2.1393392955586625,-2.043197878103754,C
-1.270215902544549,2.6132158096352462,-2.81491227808017,-2.9041461626084417,C
1.1485501589921807,-0.45514237591319784,1.3799386394962712,-1.6071633070920668,A
-0.21723078005462904,1.1380017496118915,-2.0730204404520327,-2.130767927795382,C
-1.0225085589206113,-0.49740944569799356,-1.0084768472187633,-0.14766314159866245,C
-1.2841893145885621,-1.2567927453557943,-1.5773831808736105,-1.3411639787087504,C
-0.4223649157201901,0.055726460959497515,-1.2009185379650054,-1.8452753716093826,C
-0.7269073180146693,-0.33173681599171045,1.443325135457529,-1.622338298543612,A
1.8333924199238123,1.0930014648892303,-0.6698841534862833,-1.101953194590545,C
2.2788596669281644,0.6914529598444444,-1.0554766033481058,2.2422241349117913,B
-0.48883483342637807,-0.226933002571846,-0.3194593739787752,-0.43651415106025016,C
-0.2525691688929383,1.3819546195505041,-1.6054457489651828,0.8731685528814942,B
-0.7482195767919774,0.10323440432969397,-3.168814061120573,-3.1765485454632674,C
-0.7269460859615485,0.22324593540560186,1.2216656095487988,-1.7269654836285353,A
0.22497152923205352,-0.11855335639477038,-0.9723936955058333,1.858896215943635,B
-2.2568113806808663,0.45499144234660316,-1.527073444964872,1.6767127744165473,B
-0.540012890061393,-0.5740740525266417,-1.318797192523529,-1.1803119842515586,C
0.6730726547396441,0.9544340132937073,-1.283348155499438,2.8207303761269378,B
0.14209271501917878,0.0352545728404108,1.2371396976877316,-1.5278140670291405,A
-0.17748866228128896,-0.12467347048634737,-1.8613749976743372,1.1488449429201675,B
1.1209843371163242,1.761730501129807,0.8336104973508565,-1.342952137163888,A
-0.16371793409084542,0.7899490915827155,-1.1915799735172148,2.5506592939798187,B
-0.874282689320314,-0.9591584873225423,-1.4633745633002164,2.5493587007061134,B
-0.27783107852302447,-0.7733838120129292,-0.0335411123855478,-0.440025238589266,C
0.28101686327607084,0.5965979275951755,2.070846959823124,-1.5656936144524576,A
-0.9741682013506765,1.1469648082577444,1.2632405428852034,-1.3691677425626012,A
0.12408476435391387,-0.09598522320892065,-1.8328220319408726,1.3465218769115703,B
-0.42400694332021505,-0.5046010165483102,1.5278397372547483,-1.7482749914934779,A
-0.1274900656490408,-1.0904306779676078,1.5421499478047391,-1.5071423408231246,A
-0.7934080324206849,-2.1804131301499705,1.376459842017145,-1.389002223113682,A
1.2550260665334112,-1.2699527111249884,1.6054212776912336,-1.513394060040458,A
-0.4069320597775051,0.6028140314598438,-1.7260165580477482,1.3903059428190876,B
-0.056979467124267213,-0.0009587461207073419,-1.5921867991154837,-1.8122897957989128,C
-0.6070451894745628,1.0473247862327872,-1.5065980831990484,0.4702277866003133,B
-1.9043990219555276,-1.5562569935778356,-1.788116048360354,1.1114808832984413,B
1.967772017507522,0.6276499282447504,-1.3790815040055189,1.0630280197125574,B
1.1402171060492754,0.9881359197671937,1.6083346508819238,-1.5560812391483607,A
1.4110833730998542,-0.00012371006889038484,-1.8104794426671655,-0.4934854072246264,C
-0.7013291877482074,-1.1535956812908146,-2.7495471802948375,-2.9753446532583423,C
0.8966125399712267,0.13519364302926945,-1.187041095189699,1.7842110971166392,A
0.2863156827890508,0.33205490428066653,-1.5150043262741832,0.6411486964234102,B
-0.6323999687396878,-1.2270977478634708,-0.9057665837466153,-1.739027399997436,C
-2.126474987834274,0.9098259336208092,-1.2198330384388036,1.5687107702574774,B
-1.1182408217043713,-0.7692585352236809,-0.9970458565597767,3.9355531133538295,B
-0.861042710352571,-0.39548935417606274,-0.8660101418546348,-0.8571502298767828,C
-0.34154630718590984,-1.0798330017455842,-0.9068177792386233,-1.7492564651756302,C
-0.6350104216357906,-0.3577151061239425,-1.5541810897082087,1.3013162300639523,B
-1.8456845836769935,2.300091443795817,1.2217757775532099,-1.3069493261839582,A
1.3237112866662126,0.6892835181001956,-1.4407792182900496,2.812586720940931,B
0.2258450267242711,0.7833905463789117,1.394084897114363,-1.4266711826006984,A
0.5958502055453497,1.318058960298879,-1.6831572279259048,0.6158281304123981,B
-2.7701796140979282,0.5923585262790502,0.9323472723887851,-1.2518836087371803,A
-1.2347654446922456,-0.5740536227133115,1.5616612696648828,-1.3232243272494892,A
1.3203526659871405,1.1262432838015861,1.225611213989237,-1.4236616674988636,A
2.3629467379255327,0.9079353227619462,1.2075429415012633,-1.2234565972191407,A
-0.6775896975188894,-0.1393885138432069,-1.3521810486821912,0.7397183427168758,B
-1.1299461174247172,-0.07572672532274023,1.9674042357609958,-1.584417729184496,A
0.7551602654854642,-0.07421771503219375,1.9302384622090474,-1.6741601407710773,A
-0.6724168137345341,0.46769282632366466,-1.8750783770754609,0.31298946674198347,B
-0.9218402924639751,-1.0137185240674345,-1.9668996822312774,-0.5050731069973002,B
-0.9016837033442829,1.1640734667027703,1.3019219545625553,-1.3173066481984164,A
0.5506524310887314,0.31552059096463453,-1.2797041100352757,1.1951984261495134,B
1.461882810351413,0.2567761619900571,-2.5408225639666258,-2.293501263132479,C
0.6069184692274872,-0.17546114130147886,-1.5655812041823758,2.3334308311579406,B
-0.9530408236836735,-0.21792926943300914,-1.4861298698672534,0.2646262058937159,B
0.759098759367888,0.31363038860772174,-1.6947462313406634,1.302845023494196,B
0.1938086343527349,1.285428437793453,-1.3635075982713947,2.173268697011345,B
0.8668900772064769,0.6324575423364811,-0.7122056640936099,-0.4178874470540823,C
0.10092238097016298,-1.5806863916821732,1.4204905326521473,-1.403850985885444,A
-0.7478810019205581,-0.3834952775477444,1.8419277745401,-1.7521267405176355,A
1.0281195443269728,0.2706571382097325,-1.7339522272278003,0.8839690320882708,B
-0.5277387435766341,-0.45291212580929124,-1.9060752231424092,1.0939892597561203,B
-0.23821513136868097,-0.4354110820173017,-1.8265645827960373,-0.5642697795866845,B
-0.8701884714553271,-2.2544384066295016,-1.444271169852505,2.237762834987217,B
0.5741556133475075,0.6954126747404908,1.1427239273138363,-1.1489450000383468,A
1.053004111547334,1.2325228214277175,-2.0162564381178276,-0.6527212289791021,C
0.735494974737963,-0.6982443795676515,1.1191381469535422,-1.122928599783588,A
-1.2127571682868847,0.009755795109849945,1.6311324680380195,-1.316635127984091,A
-0.6648541472044276,-1.0778830429870192,-1.7629356207978801,1.7163352047757297,B
-0.24839436471232423,-1.6524056384659853,-1.5624550873314076,-0.19795289130516713,B
0.289706047445216,1.934356808877043,-1.1743332929401946,0.7990458101774162,B
0.04374308802240846,0.642192394411889,1.260312872559426,-1.3545245788920168,A
-0.8857148287189642,-1.0495813162412877,-1.3830015938205429,1.2311452603108315,B
-0.3349731629777091,-0.19331912060742612,-1.9263268509519305,1.1800793371378717,B
1.0308709758666985,-0.13593176818478164,-1.7651556565106274,-0.3816054648188387,B
-1.6979402652271753,1.685198546633272,1.422276763397268,-1.8732391602821463,A
0.17961254656180387,1.831209185536616,-0.9748849255515984,-0.6585471648072702,C
-0.7922519477428541,0.9801336840802614,1.827448370948805,-1.7940062860511856,A
-0.23347600760142923,-0.8344585734682884,2.1150489164872477,-1.5805485535525448,A
0.13332222966392163,-1.0093432537356593,1.2694501264651967,-1.318391353033163,A
-1.1554001398439289,-0.2357989174222585,-1.6150217125405715,1.1190707633917845,B
1.549841893790726,-1.241385871527292,-1.4994444172563322,-0.08841149630445866,B
0.5951846592774729,-0.4455608285722289,-2.5320344194908593,-2.5634947056237305,C
0.6664462845122627,1.3214503674219857,1.8492614835453363,-1.5721392182168963,A
0.40272046495191355,0.12930960854698995,-2.4476177638128704,-1.9964743995937917,C
1.3064829928676034,-0.1709254527071692,-1.2526981356582207,1.3673951198436929,B
1.4411994056473454,0.4278966527390075,-0.3885205928242259,-0.36989714810843255,C
-0.7343265668752865,0.4331325310214126,-2.630397984529467,-1.5484408463223536,C
0.4548073018978199,1.2953582710619103,1.8895582781264457,-1.281156344139457,A
-1.5437702647280778,-1.6563188431134825,0.5569256468941894,0.9247044172131047,C
-0.30100307030738094,-0.001022600992859534,1.4558759348553825,-1.551520756369751,A
1.7595252614532408,1.7358062259810723,1.450899918856609,-1.4025585685013875,A
-0.7099294159823857,1.385483983942739,-1.351547144121991,-1.6526851122349364,C
-0.17199300951563834,-0.797933900987409,-2.0596239507787875,-2.0443714891048486,C
0.17847333005667365,0.6446271160530778,-1.6209406350043571,1.299474014853732,B
-2.3152010910334466,-0.9380573129030108,1.4964644258833415,-1.2558100427268124,A
-1.0731462812082087,-0.4534033383056878,-2.5417035895215436,-2.5185582252867516,C
-1.1686057222814676,1.6710474742945782,1.7472473951228202,-1.395887908701092,A
0.5640094036834103,-0.24681705755590264,-0.2679874246809144,0.17754980993514313,C
0.27821028793587227,2.490321329380871,2.075577272851768,-1.7428133560759003,A
-0.6679083444901818,-0.7099289976887034,-0.8355487919833217,-1.7271670722946528,C
0.5396805916719244,0.4397377469527946,-2.427464867741505,-1.7263602006948762,C
0.43316542310099576,-0.6157580927713988,1.4307417426761246,-1.4621088551450026,A
1.09075496523159,0.19395501124419556,1.5719451333334935,-1.5800621851502759,A
-0.24882213206879508,-1.9934992133354057,-1.6167530759047548,2.414195267874634,B
-0.6154784075178065,0.7825254862122729,1.1892156234121063,-1.3802389544037967,A
-1.1183312273745512,0.9788290713505736,-0.11601446325290543,-0.19415743189426315,C
0.16176925527137145,-1.001060368775226,-0.7579404140711291,-0.7030642965037981,C
-1.28243040737935,-1.3558515522531562,-2.105357160566852,-0.33357596985743165,B
-0.3220932695578632,0.19932083977390197,1.498091807505437,-1.5361966946538126,A
1.0484176115444301,2.2209549877627985,-0.37217908456347737,-0.15085714946123208,C
1.5943787599979906,-0.6187266388857788,-1.964850727683077,0.5540240864783046,B
-2.0655999753703287,-1.0850330128196963,-0.9835517539115277,3.868826504633895,B
2.6467845269354227,0.10049623691731935,-1.0680061288838019,-0.5725723949041811,C
-0.8024376230458269,1.1529957103472608,-1.3138099376402228,-1.09919635034677,C
-0.5303203192171182,-2.865457663251951,-1.8278668052735105,-1.9832300888991279,C
3.7342982489175744,-1.888097853674818,-1.1872639302980241,-1.0627325503020688,C
-0.9023438903340038,-0.4279096671111097,-2.0509113226311197,-0.46001228988239773,B
2.7391104158288173,1.3977288232939022,1.5796695931813,-1.7649432263203226,A
1.5896537404215219,-0.3521420670964616,-1.5602835449311454,2.3286153381395653,B
-0.8324943345376311,0.973174757401748,1.249571961809174,-1.630580971417082,A
-0.6088812912477584,-0.7837821873340372,-1.1397738403342963,-0.4685062964013835,C
1.4455170871217213,-0.8943026135171138,1.5823418170194146,-1.5171102306651898,A
1.3884260449537749,-0.44421436343318693,1.282712193480907,-1.464896823212499,A
1.449347464275199,0.04676063731808827,-1.088043096861418,3.5400882388429933,B
0.5170473072747358,1.9496610754170167,-0.7726961193464548,-1.142844818425818,C
0.589008005822649,0.8341833145696093,-1.0299929062592224,4.574713422092597,B
-1.0081808335514537,0.8315624761961371,-2.094968425469908,-1.2516045279036603,C
0.7044542512503996,-1.1289882091140286,-1.5689201971759237,-2.093229811567477,C
0.22023583080885054,1.8584383975623189,1.5854508620909562,-1.552588363695632,A
-0.4274824457151482,-1.1692274862987093,1.6689547789753476,-1.5079654251985164,A
-0.2857767222508824,-1.5572528933807623,0.7126572121616017,-1.0421810703133012,A
-0.5176479088247199,-0.10845543784029542,-0.3471771818074503,0.3057546628970389,C
-1.2833672713602073,-1.9356732263468723,-2.9944873729500614,-3.8142375920153833,C
0.8054710553105591,1.3109901851973003,0.9492025765920236,0.8247556279003905,C
0.1978581093969161,0.3582227747723712,-1.88206557868469,0.5799389070697885,B
-0.3590048938576694,1.4017202256309265,0.804294744349986,-0.938137764856939,A
-0.09884193260058033,0.356277061683829,1.7161231810010857,-1.6378523210550533,A
0.491960332994916,0.2071733762011442,-1.8781515927388597,-2.0848639185057314,C
-1.6162991970324496,-0.32605849329186154,1.5211839729943233,-1.6411917759958943,A
1.3130657938512504,0.3301237652025887,1.7620404137597292,-1.858172514436526,A
1.2268068046399547,-0.18614055728099366,-1.6041319001696135,1.8101654634212871,B
-0.607778487610776,0.0026740429215011906,-1.2212778707199967,1.9867838539521512,B
-1.9458097819784794,1.3894337774587184,1.1830300778704939,-1.3999870291214742,A
-2.167219096816003,0.7993302047425946,-0.9123688548895346,-1.4508185235828635,C
-0.6580380197848088,1.1451183081681244,-1.5692573328383852,-1.7014279983929426,C
-0.6817134073920539,1.1455859381991376,1.4363028626871568,-1.5670542686886377,A
1.9419447228104951,1.8343134403130104,1.1369055056950648,-1.2977499525059693,A
1.2734739286300694,0.6061427563025938,-1.6431647667267169,1.3271595193887422,B
-0.7486530195248495,0.0042552381124793415,-1.7637487606256383,-0.5513007078585455,B
-1.3496175406026467,0.4788747353290671,-1.6587702621190812,1.4746144494285434,B
1.2097222357683148,0.376762900219414,-2.673869193928181,-2.698383485846195,C
0.33594940222965425,0.47362509117254187,-2.034645935775531,-1.92321684512636,C
-0.2539214204648956,-0.42689759374367875,-3.4656309633264284,-3.0706195144832606,C
1.438049960286529,-0.6626548977413736,-0.9144366914538136,-1.407685283552783,C
0.13316110292127778,-0.23208360617436138,1.3054301394725263,-1.3388854072071448,A
-0.2518287766196223,0.2900119897310308,-1.7836083540609895,2.2487011251587754,B
0.6151094979381121,0.3906682373556132,-1.50372234260107,0.48676622109130974,B
1.4342405795354716,-0.2115449187348914,-1.2490799775862649,1.975809919553596,B
1.2838297195567159,-0.37908564931982147,-1.0484602796497864,2.7468554832900463,B
1.1171885768989651,-2.6525227404734006,1.4986305428079754,-1.4381845323489821,A
0.16771187089817655,-1.561472640237431,-1.488164921062167,-0.7473175271725278,C
-0.4328227114091982,-0.291496219010114,-1.78188649945223,-0.1264730219361534,B
1.5835424714285273,0.054815230399380625,-0.9359664953939938,-0.8825912763244577,C
0.5541065547945511,0.9191689757113223,1.6206711759691634,-1.692558191531421,A
-1.1173400576106614,0.3776829128919568,-0.809996020591536,2.912328546407025,B
0.852306870451111,2.4324809890805406,-2.7659227422162145,-2.7058417519472253,C
1.8905928659129492,-1.413697967833723,-0.607184522835143,-1.1637102408661237,C
-2.0829754585665308,-0.224089213397098,1.422888831497465,-1.2569633682838102,A
1.2770482910084022,-0.0763458228947481,-1.6010125730885179,-1.2112197414592714,C
2.283079761960837,-2.0380271278554942,-1.5002430657381085,1.7825630766463512,B
0.9628152750345685,-0.16745699561511243,-2.4121737972580113,-2.8213238431129737,C
-0.44321242832078084,0.9720188572185129,-0.26156040229736477,0.16158927726250893,C
-0.5714515274599337,-0.517177160928001,-1.4253734830750104,-1.6785728752340003,C
-2.0241150420668537,0.03144246050015774,1.1304158282843797,-1.3986586934276863,A
-0.9941843573968248,-0.35914234216050617,1.640359594914189,-1.53183681756087,A
-0.06717783583401772,0.3587975134819061,-1.004140085288609,-0.8767174328920787,C
-0.8732031367986457,-0.34680053314950177,1.901425640990905,-1.7030901744125846,A
-0.04981275201948222,1.3857589387286582,1.6942151347981558,-1.796523256636965,A
-0.19282626391964935,-1.2183074129293558,0.10101071847440246,-0.17721051268675003,C
-1.3197047814540372,0.876545763466248,-1.3837285100308805,1.6371530585827958,B
0.48060637253923094,-1.2238450956945364,1.1249125465503387,-1.3996183587698288,A
0.13819248880960822,0.1012665833256494,2.166483214658217,-1.8637812882343838,A
-0.9390805158192753,-0.2773712851164665,-1.5234285631929076,-2.432642363262652,C
0.3809284451553596,0.6101353796526067,1.7110454763780705,-1.579180850936861,A
0.5244262327031893,0.7674472390244705,2.1194143042527425,-1.7142118628787062,A
-0.3472425565962968,0.6950419656555001,-1.6382671359417278,0.30264198540962095,B
0.46792775875273585,-1.2879894890757408,-1.751515007461483,1.1483501466041062,B
0.8608478115449104,-0.7437660419833113,-2.3881556247456697,-2.780958777235628,C
-0.15330311757731768,-0.6547019071791473,1.3592552483104736,-1.6792982938833831,A
2.0542367963745107,0.3937490858604755,-1.6690962255756032,0.9386246215358799,B
1.1350054043921776,-0.8001553519775261,-1.6728971953540461,1.8347436077303771,B
-0.566255486743653,0.07490838247354863,-1.6794703573693597,1.3471091664640977,B
-0.6510895985231605,-1.71856253306158,-2.0539876066981475,0.6781284508255293,B
-0.05369836891999816,-0.18328765409904493,-1.7370115597698437,0.7042818257494323,B
0.14002854028420034,1.3116344164471712,-1.4223133243893804,0.9510582325628356,B
1.9132077829170193,-0.7779870219265538,-2.3063815313000062,-1.1650328338317626,C
0.2734796709004093,0.429253448952013,-0.8733128930214632,-0.7004239169209063,C
-0.3807681996614566,1.105370331785545,-1.6921124391009132,0.6322818765908041,B
0.32755130743538674,-1.202455323246836,-1.1244554106510112,3.977742944863938,B
-0.3521801637615506,-1.249025837662641,1.543343187071393,-1.749260320975579,A
-0.0821615148377937,2.639216599822742,-1.0297888850099086,2.130960995346738,B
-2.303002027815587,-1.612910063125933,-1.7166607649108718,-0.21509213498480406,C
1.3650082383024364,-1.3595344372964486,1.3541395002905139,-1.3218890970851602,A
-0.33257293153332124,-1.0017433935932523,-1.0630675585063023,-1.243579429295269,C
1.1130060190709252,-0.025261326847565713,-0.932998606433726,1.5166883519267094,B
0.7644888220708967,1.0717406292064855,-1.1685979032382805,2.092756606572852,B
1.1255881125846308,-1.0731472515867135,1.1890787076563327,-1.101879936464499,A
0.15479315197524077,0.661834349759316,-1.4819082562621537,-2.333548501869673,C
-1.2223499783780107,-1.187062670593952,1.6364787309147246,-1.9000375652523935,A
-0.4060218348924674,0.8207605633160178,-1.5510906913541649,0.9965020045539531,B
0.1294159911667543,-0.8362961043148158,-1.2405125928768135,2.0229275611362385,B
-0.6591588357839132,0.8646716539350395,-1.6747162621925198,3.001428944753028,B
0.3324418653627275,0.5210898991717531,-0.9149312793849387,2.5266660033679127,B
-0.29886525809744674,0.6894737457462029,-1.9110123259512202,-0.08858257177501772,B
0.42443997709460834,0.39928452395608893,-1.5252722127753315,2.1872498956159316,B
0.36447837926183896,0.09280706396677742,-1.4190705755523068,2.324437520671429,B
0.28872854177881063,1.6835554099583974,1.0939311218096652,-1.4237924933360566,A
0.4381413463680046,-0.7555142012475525,-1.2147838480683086,1.9041840807033386,B
1.1486789974299871,-1.1820225373703481,1.4734066386769553,-1.2503297350517861,A
0.5215387089444264,-2.1901752193903237,1.214184293456833,-1.3425209007907761,A
-1.2743493407897761,-0.3360192452402239,-1.465463010689666,2.749341668095216,B
0.31530677962120546,1.6232717427134788,1.4605791602890306,-1.5553613783102627,A
1.442550180123302,0.9915900104135141,-3.091463026254313,-2.3606206432678265,C
0.9761858520324451,-0.045377812143726555,-1.8791877307922689,-0.24298538203295683,B
-0.8463158854360837,1.067734593210715,-3.2126007036773863,-1.9151384070199904,C
1.9491401603436225,1.154836947071755,1.0759624798516072,-1.249473244969469,A
-1.8315982392508134,0.619023888077936,-1.2076762443942541,-0.868182739030755,C
0.0218197907451796,0.3380092432148394,1.3415859795219873,-1.4037560805390958,A
0.27930763877448717,-3.3107760510358575,-0.8898733551441019,-0.735822182291621,C
0.10417340785192022,0.4423720601457659,-2.092643075603607,-2.885239575132357,C
-1.3536530409807954,-0.13957882488347734,-1.7421918286674678,-0.8829744233259296,C
-0.6876816552855523,-0.1899462182075655,-1.5385688708333363,2.088400950091201,B
0.17486845634583426,-1.0390122163094349,-0.7261518263759946,-1.4896178012286414,C
0.7624604313334152,1.2415758171417366,2.1594784755473397,-1.6960136212469765,A
-0.8335547570403115,0.07800580210645383,1.8438473436610634,-1.561458275643976,A
-0.8295145837569221,-1.190633886497421,1.528148566669056,-1.538026567202727,A
1.2037626629226434,-1.9111798652498408,0.6969180223199632,-1.0953729233860212,A
-1.0481943781393412,-1.0719109733693004,-0.01644824979208992,-0.5897326119901045,C
0.7219628025522651,-0.39139627301470675,1.6726641828412154,-1.424418960674575,A
-0.47812023399020853,0.0569807309208347,-1.092986275069653,1.5527518835839258,B
-1.5412170438460377,0.9520657160064839,-0.9118609149709785,-0.7049027039467365,C
1.0368516841728213,-1.4543468397874124,-0.9495014819320858,-0.9006325870040279,C
-0.2538700674766664,-0.2716575310415256,1.8403205072327689,-1.5725792202560218,A
-0.4179804059584551,-1.7232813373274174,-1.2179298241491279,-0.9323555738521875,C
2.204520281008392,0.8485045254959476,-1.2367550389662543,-1.9792858178093862,C
-0.5354171067399245,0.9206147726529454,-3.2636345418013057,-2.6655013797001503,C
-0.9597547845029438,-2.4069010203187498,-1.4385720066894983,1.7815382753912372,B
-0.1759834334652051,-0.06846845877201539,-2.1888092292324792,-3.069698084495223,C
0.40809066631790697,0.2082151628062476,-1.701545391604071,1.8419234518570298,B
-0.3415775034663358,0.6970090043478886,-2.2318317742817357,1.2068530825531505,B
0.05083634348408754,-0.13664032535756784,-0.7050958627766628,-1.1987308238295342,C
-0.28861395701355363,0.2574655343727823,1.4390745478586147,-1.2053719412916553,A
-0.28962260601682965,-1.1773335273197978,-1.7034596215992706,2.056602845842672,B
-0.9082409861350048,0.36582627945989293,1.5271912852940353,-1.5842521205210598,A
-0.2334579388486744,1.0711835086899444,-1.8578020649576485,-1.679628875951068,C
-0.4583033746253727,1.123734816150469,-1.1731794675940654,-0.8564378498971396,C
-0.4049913448161616,0.2982189607105434,-1.84318366287299,0.08648620821381714,B
-2.3231442062043697,0.715111673988797,-1.5645589887080262,2.0529312802855606,B
1.2799949928576373,-0.29031799179948015,-1.417278085968528,-1.3520971230696706,C
1.1334093679490045,-0.7998599987674472,1.851708760750165,-1.7398099403044696,A
-0.001344552253060544,1.7777609706711348,-1.592155661638924,2.8579682947805707,B
1.4387360470963018,-0.721158392032845,1.9227210740899523,-1.664398094194077,A
0.9408460699627046,-0.7359513164099696,-1.4119194485297948,1.054863402440274,B
0.4999571223825675,0.2860610761871278,1.496140785282378,-1.4195915351744752,A
-1.4094964606810974,-1.195652141174199,-1.4883168715477115,2.4647964549287247,B
-1.0167167581764125,0.5485226992517923,1.2190715122494595,-1.3736705007849366,A
0.08185850059149567,-0.23178071241930825,-0.8778529736501263,-0.030055300941476126,C
-2.1937497368811676,1.2824036572183655,-0.4371301540663717,-0.41687668459407234,C
-0.13645611292132018,-0.30927457034621325,-1.5770133729443698,1.8810892939956134,A
-0.7556899759037032,1.2662147761833265,-1.0371174174267979,1.6858292375101604,B
0.07197774693635786,-0.47511505024993883,-1.9569028647565345,1.110626266540787,B
-0.16221807972337743,0.39654004397787435,1.6000113933377673,-1.5647956411654758,A
-0.9251641202087104,-1.20835921258428,-2.0457016504514094,-2.0019635998445353,C
0.8105077075074807,0.04333455019023421,-1.8395967361912409,2.13189491751061,B
0.353629654064524,-1.2020238844342799,0.8532639598114373,-1.0258049570432974,A
1.5433095571655355,-0.5332994540344317,2.180346975303578,-1.9357165148867312,A
0.8422755101083063,0.41410483139405563,-1.4300174656630047,2.359315840988486,B
-0.21410176510645723,-1.1402356344254507,-1.5745318770836993,1.0568868956656199,B
1.3755521918580584,-0.5010439136050869,-0.8321888931725098,3.1321975473564603,B
-0.06862996664656722,0.8415822836706964,1.847089768833399,-1.740091873170031,A
-0.597090246310275,-0.2654377025074084,1.4862878772392605,-1.3166225460432388,A
1.2099335544693874,-1.293986470778949,1.4658356792379204,-1.8512731981364636,A
0.950054950828344,-0.391806676330341,-1.6180019500784895,2.001369475939232,B
1.1642067956637168,-0.370481478186337,-1.7591074858637161,-1.3219253659276906,C
-0.11865028202870993,0.8375154364375685,1.5105740804050751,-1.4837562707480727,A
1.1070558106451753,-1.4181980929211913,-1.8828132334695935,0.9506822295847913,B
1.138384717298492,-0.5902909847476423,-1.9665614236767617,-1.3553484658965864,C
0.7395594554846677,0.49325484492060717,1.2409216106659153,-1.3620273245600178,A
0.3732902029091796,-0.6906123222399315,-0.9345278515027003,2.25185348003473,B
1.379837859704256,-0.1539551483708893,1.4110544749145424,-1.3688999005570472,A
1.4848737733738995,0.3054823219247554,1.5183112136510002,-1.5071164682122622,A
1.6544603857165092,-0.33406781632995086,-1.5848585410309048,1.5785317914765182,B
0.9738904780191013,-0.1867293173178677,-1.7796452453278266,0.20116077536805688,B
-0.29116139541593333,0.5009287143300246,0.9200042345723858,-1.2077854779330046,A
1.8188168189266591,-0.3885728907674428,-1.0688384874683776,-1.9132812217148853,C
-1.734120765838193,2.5761172602081626,1.4757143113875573,-1.4579851639575698,A
1.1473461940095238,0.48007928935313016,-1.107250855209148,2.899615525574754,B
0.3603901605726009,0.24882899884392026,-1.5912588095681295,2.0842810148746023,B
-1.0748881410440418,0.25573020107550665,-1.1012808933420208,1.9559224725275153,B
1.439976675579835,1.1954971884789576,-2.1837195993420897,-0.5416629338009327,B
-1.065460058375836,-0.4566943511182011,-1.5453312962223966,1.1076430953578442,B
-0.5438339755706731,-0.12278773761065612,-1.105931040596991,-0.9735701057807383,C
-1.1498743932990632,0.78278275336796,-1.5619725786225787,1.628546728762142,B
0.5578962692580642,1.0912151904049514,1.483256846816718,-1.2231788206507552,A
0.7152506625783401,0.21554001611421797,1.8484137208600324,-1.801849519679388,A
0.09851222266621132,1.0837946703263146,-1.5832345355138469,-1.3770541782245538,C
-0.02992906821800496,-0.45789592656257116,1.2979652123892222,-1.0625801182657362,A
-0.44937673744647383,0.6632463544762367,1.3069662602194172,-1.562016550834004,A
0.6404353748114401,1.5438404042905287,-0.672618812332343,0.14221377256239842,C
1.2475951714602542,-0.025691499323617917,-0.8012689643139834,-1.2567162364754085,C
-0.9848425610554854,1.1079265313418112,-1.3260899928253436,-1.0485144795597061,C
-0.554062792839088,0.03664218155093944,-1.2370718002306453,2.613757401058776,B
-0.9466598742883868,-1.0933668370610947,-1.3080421691258495,1.5589056082070292,B
1.5878292878776852,1.1386190573176558,-1.391279167556404,1.922488377827574,B
-0.26950606989357245,0.46900147874733766,-3.011613930656405,-2.6991553132374575,C
-0.41193768040131407,-0.716568686393866,-1.0194648228524932,-1.3986291099743184,C
0.1322612680669898,0.6099689454602865,-1.9561497452918981,-2.8700712675479005,C
0.8947329042512037,0.8471052015158604,-2.2123978501365587,-1.2252716097786647,B
-0.959460295359791,0.0866624452333586,1.2481834749947562,-1.5264693879800932,A
-2.0737345581105213,-0.9813486419530342,-2.127254938728351,-1.4378866086495525,C
-1.3444621019049352,0.4308513651343994,1.3928775200656738,-1.33019429308801,A
-0.6377765714326895,1.1416064573813216,1.3793410656130418,-1.6013569229692202,A
0.46644336642905243,0.7438870931129384,1.5130449003316866,-1.23661962022802,A
-0.6828804306232621,-0.11333096381023783,-1.1231408316145632,1.243291984793807,B
0.11716155971462404,-0.4970721113455953,-0.36137841976773566,0.20918761033339073,C
-1.026799273067835,-0.2778826880808635,1.2528254279941948,-1.2521412014631483,A
1.2437688392913178,-1.0633269557491267,-3.0776804780757394,-2.4077195855238984,C
-0.2820098226290558,0.5347869769785427,-0.5952800312155155,0.040783482627996026,C
-0.1632178506158852,-1.3129554839635742,-1.318331560448615,1.36282286186956,B
0.12282125973164092,-0.43672327308310926,-1.896830482100989,1.7573762932674748,B
0.03234530394370759,-0.42675240652453295,-1.6370250069392234,1.6018537422368944,B
-0.8558310589214734,0.67985366949175,-1.9454592838739708,1.4502571530270334,B
1.3923604560345881,-0.5496758557767075,-1.7901130857945833,1.4831740086738308,B
-0.5227744387851234,-1.2535837931915534,1.498884184071807,-1.4790326441942505,A
0.4618375745554951,-1.0544154048087067,1.5067492097776822,-1.5019834815997972,A
-0.34106130182778666,-0.3399832799787076,0.7963149669295535,-0.9888126623429481,A
0.7137039919366441,0.19381595933722875,1.40303017303581,-1.3171080821150996,A
0.6257740086915854,-0.12055159049751468,-1.9180431320474256,1.5793115814903103,B
-0.8827513687379724,0.3697902578049242,-1.717177737701132,-2.9421552757630085,C
-0.7733167518995231,-0.3718072855189739,1.645151837400332,-1.6285241942697068,A
-0.19276818028322057,1.1234423386892576,-2.161661293508629,-1.7849240823498422,C
-0.6786355665574858,0.3059469310869848,-2.111278408048227,0.8175698957517276,B
-0.8486637339439159,-1.8221073280066273,-1.5055113040606316,0.323753763830007,B
-0.48564442866376134,-0.07767618429584454,1.2871846274634506,-1.2868406417126206,A
-0.8868836062950687,0.29611612349375915,1.3089475438018914,-1.4048509925886856,A
1.2035225580604394,-0.6911901522259483,-1.398871922563013,1.378430911567539,B
0.16056490926472064,0.29019559070379297,1.2174220498901926,-1.3551976998449136,A
0.20317997466005724,0.11029970476203964,-1.637900058941718,-2.013401643348442,C
-0.6214321182273501,-0.06257368878084726,-0.5503572951348997,-1.1556039422710247,C
-0.7272645028117031,-0.3018240575156065,-1.3676510663281967,4.0813440561520515,B
-0.06850931770259218,1.1199197010418729,1.3253725450002927,-1.418976368915772,A
-0.8122979522570095,0.052453430019032916,-1.4639762016711217,0.5858258786935726,B
-0.23761507546121216,0.1440539652817168,-1.8326147851658363,0.5812026351505841,B
-0.5479707394355843,1.3976311115250792,-3.1799913960863266,-2.829782789515477,C
-0.984159109810009,1.110274389190383,1.0870957983406193,-1.2357888446218361,A
-1.178532448283232,0.4773514051549195,1.4445319226787623,-1.4445773299784856,A
0.2684587574145198,-0.4580993743763888,-1.825594201176461,-0.0054315250407050986,B
-0.9881525542578835,0.9413371819014645,-2.050222123429736,-2.207117664463662,C
0.8787006813613057,0.2468915392091396,1.8064999009873435,-1.7649693442959018,A
2.2507308855850514,-0.04682455064680729,1.7326298586529234,-1.5087098297089254,A
1.286196043522504,-0.602239379775424,1.662579028092661,-1.5632400023640254,A
-0.7557018231221425,0.14542507449841835,1.888748009083185,-1.681297870150847,A
-1.4058787016317762,1.0331253318556852,-1.6690803219765222,-0.6476810025945282,C
-0.5005732817615788,-0.6035820653800561,-2.158206894905028,-0.962234420041853,C
1.3336804638809352,-0.585197270472098,-1.5490342577363552,1.0104515073115368,B
-0.9268135238474112,0.011764311969111287,1.1704952190225224,-1.4280262044437544,A
0.26954970209321927,-1.1340869294590847,-1.7165017266307079,1.7335364138507847,B
1.3808765591936891,-0.12092948924312617,-2.326131714919934,2.1654669787929466,B
-0.15652100230684673,-0.5506662706668157,-1.769301559118001,1.6122078731360958,B
0.7074921644012031,0.5847768139160932,-1.19316741537074,2.4767085658749006,B
-0.6121350660797027,-0.5084608714169243,1.7817282232543155,-1.8584435950613614,A
0.5746434857081326,1.3906061485904175,-0.5136643458351215,-0.466090949615348,C
0.5071223267259327,1.9810381197087084,-2.497888320600449,-3.12354088888739,C
1.1269312402922294,0.025225618778097487,-1.9711318086608043,0.7408651365160571,B
-2.2560643492337302,0.4280533898583584,0.8357530947945333,-1.5375267854816441,A
-0.03676628797414937,-0.025720851772033794,-1.7276010797165355,1.2546339553188934,B
0.3791316088281372,0.6617537347075776,1.4456843424415813,-1.4605488804962727,B
-1.6880664606357747,-0.0871463572358395,-1.5468091992885378,2.1749441502866387,B
-1.0627459284782788,-0.4021490614531001,1.3552112702749328,1.7732311968962535,C
-1.061134476528167,0.05323238563657943,-1.3522697860409698,-1.3447787291179072,C
-0.8480983122645237,0.5297433102363929,-0.962775353000266,2.8789740253076808,B
-1.2446738233239074,-2.8912660516921442,-1.212752680557667,2.1988845652860203,B
0.36479199567921705,0.8639037778526338,-0.7583176496121604,-0.029312944342623437,C
-0.2596969425340264,0.084981270448464,-2.783363330209649,-3.513590758315568,C
0.09115342440929457,-0.8855513821751865,-1.4786423152362143,-1.8495967679700935,C
0.7633968788428861,-0.5171121587985914,-2.7087974108893578,-2.1353198909871534,C
-1.0048804369639628,-0.5229774142283152,-0.8634634524178594,-1.6619220009594395,C
-1.143702671909074,-1.3007779593474418,-1.2546423771741535,2.1291478433300295,B
1.0466148056522475,0.20091682307915415,-0.6624127603532154,-0.8236258923653934,C
-0.4074887198555199,-0.9942799757379708,1.6595615681217648,-1.586529425026826,A
1.1039468082329278,1.0245975457198426,-1.3878642035876738,1.3361088098285727,B
-0.8692133944683278,-0.07881845892858945,1.5786867034097931,-1.7147816578132304,A
1.2418677863693905,-2.465001790483721,-1.0864348785770985,-1.2868750719263815,C
0.8176114559667568,-1.6202730966891503,-1.1464706333491108,2.31888907091772,B
0.16034238724979225,0.11171855584076948,-2.3253552771900257,1.0700101961388349,B
-0.18000965113271716,0.8657605028829892,-0.9674462454085954,1.6673457964524048,B
0.28886480452280705,-0.30221857555966314,-1.343240418348849,-1.5713583448902702,C
0.19904621447527718,0.21674340220478885,-2.1155976181812797,1.0286422587687432,B
0.35019776390263696,-1.0910593250043026,-1.536207718884925,2.185696146531596,B
1.1124078622058475,-1.9355807253560289,1.4007451864361893,-1.5777134272179822,A
-0.06781516062973131,0.20782666215706522,-1.789119849880958,-2.261094462742419,C
-0.36407881182102914,2.151910770793652,-3.5138017939783834,-3.323387763780803,C
1.2083984544294821,-0.7771635738953654,-2.0673413057757606,-0.3944437223630677,B
1.933113901671405,0.5454539734691992,-0.6156653689329339,3.7520236389290513,B
0.28923459429510917,0.8857135988315712,-0.9228007811442712,-2.2650265063313793,C
0.012297608184594532,-1.0824982860318524,-1.4334327025381426,-0.5561781408454112,C
-0.19876324446261998,1.3439673012158666,-0.4335419465768955,-0.10257318302303742,C
0.4992760750707188,0.8970013113407336,-1.1464235486634546,2.140216524220152,B
-0.9583947015101015,-0.8552156464747098,1.4207149902131804,-1.3839828597813981,A
1.1727872659322893,0.016098420516185968,-1.265290254671168,2.071085202551924,B
-2.438411545890512,-0.6546310773719828,-2.00969230572888,0.714918292034699,B
0.589804887915613,0.26676206442894956,1.5337308436204524,-1.349857118123667,A
0.30846410353392945,0.355651965445393,-0.5352340039439151,-0.7187670377612981,C
0.5998423149540056,0.9278373446686209,1.389384232430717,-1.2542962958076922,A
0.04403967560817018,-0.15341802135993685,-1.246347694563626,1.4099525703387095,B
1.1218654903500869,0.2798194282525951,-0.6192516715906425,-1.1616843028643822,C
0.28014950378700126,-0.5587869938496185,-1.7718858558653312,0.48696798913551453,B
-0.7997638612934881,-0.13546603452744582,-1.20262532102611,-0.15260194377662595,C
0.28786939480092777,-0.26829166352011824,-1.9800630632808378,-0.6052791870086689,B
-1.0439216348935139,-0.47040715874145334,-1.6884770218777714,-0.8180832834389199,C
0.3938225283063647,1.1104344689538086,-1.3018273363636628,4.156292221320356,B
0.43204049023746677,-0.3258291786489008,-1.3314326190918067,-1.3790672433751512,C
2.6480767707471657,-2.377428071403501,-1.6325229243491204,1.7565747297651748,B
1.1344814303477342,0.45710435698879787,1.7129688768403446,-1.3898578533093455,A
-1.585388384097542,2.0483256278596205,1.5462741323359497,-1.4137978304708396,A
-0.6757704479332681,-0.7601645444271579,-1.309698050749859,1.1159175849721195,B
-0.7723755446482683,-0.7204309317782766,-2.079878705006425,-2.5908624926259654,C
-1.0263338717617296,0.24221864309032695,-1.467549628091901,2.209757337897769,B
0.10946559704831131,0.07143611973012806,-2.1294582002448044,-2.976191619649875,C
0.05367247789646966,-0.5471742414029536,-1.0925744550715077,-0.7058354450143092,C
-2.4736525587114633,-0.6228114999076815,-1.3048162482253303,-1.5939481139581924,A
-0.9021919048029933,-0.2754649055000587,-1.1221524759258636,-0.2456142653286424,C
0.9207614118438814,-0.7046939412091808,-0.9706799180245829,-1.3572088574041352,C
0.4656803992443923,0.5465488670793591,1.5196440552346162,-1.5228789946699053,A
1.8360612286777374,-2.030993401056124,-1.590423186390731,0.6332353925497901,B
0.8145517875089812,-1.0555209138127353,1.517327059898422,-1.140524138271257,A
-1.1597536691829027,0.37360079504302846,-1.043415939022257,2.0831404329035887,B
-0.24039050326199046,0.1762536588694896,-1.7642818965948697,0.48219828529660425,B
-0.38204492908560933,-0.3803152867443122,1.2218894382156966,-1.4223881468985409,A
0.6678529458405923,0.3331745357928178,1.4463425381954484,-1.7362886919738003,A
1.4871227994202625,1.255104872950305,1.264363258432412,-1.2750751425175777,A
0.38525322839319553,-0.986582610094626,-1.7691395341350975,0.41544430926996023,B
-0.9507436980576087,-0.4405884301162578,1.935072454615341,-1.6772918875572111,A
0.23601675117574253,1.1130723549995474,-2.198995077416327,-1.6514167925912,C
0.2908587531749573,-0.19052024643742269,1.4974771789930899,-1.5416465895102387,A
0.6614267494038477,-0.8094823607889037,2.0142020646571877,-1.7247388969415474,A
0.8067480550862972,1.1519729774824263,-1.9095709871321445,-1.7043965949161772,C
-0.6201897407821225,1.027483314625089,-1.2223905809650213,1.9462477596760075,B
-0.48314789051772733,-0.7292110213218614,1.2927488390069635,-1.3707111343936065,A
-0.20520216266619404,0.4546047237263388,1.3950063979094927,-1.2498904157562112,A
-0.1523031466467147,-0.1608240175472621,0.8579439084891497,-1.3107831164818031,A
-0.31832816665186997,-1.8597734755423458,1.5183823449424598,-1.4361205927309169,A
-0.2633933383710853,-0.8952230909577744,0.32373879520835747,-0.3563646250283672,C
-0.2780431157930622,-0.7167193063733686,-1.8463587776098147,-0.4293443446036693,B
1.1508471028897163,1.767108961384901,-1.904290305048269,0.08618432541050924,B
1.0373520633053914,1.1805411915067687,-2.3382959010891096,-2.4894131972626488,C
-0.9775453778505928,0.30015081051531606,0.6589110909874245,1.1184372223189198,C
-1.6752514593537309,0.08951685758413765,-1.0650458106858396,2.948184264989689,B
-0.479187509603428,1.0020291621002044,1.5180874139524654,-1.4579687725856372,A
1.3492849049098308,1.7800272095303467,0.4571749143366539,0.16603330160181518,C
-0.7481420958101587,-1.8599388267955628,1.4791780302862259,-1.3912297516814263,A
0.11061829990222839,0.4630183157587993,-1.970897959397572,0.8959379402217961,B
0.007875782990564259,-0.112933826378751,2.1836487997825573,-1.9459504037383917,A
-1.1932396835501815,-0.5836639932708028,-1.807854075741476,0.4812656231902914,B
-1.2828164494780296,-1.319432754011293,-1.9895093688404888,-1.2691170423507905,C
0.9989748147531599,1.3777435338569597,-1.6338410252184636,-1.4071692880303337,C
1.336746380717454,-0.4636115633969935,1.337206135090948,-1.626634754603845,A
1.5267010971533084,-1.0665960125868812,-1.4685700615353905,-1.2259164147887305,C
-0.895485141153038,0.29156273022226337,-1.3474002207488507,-0.054830613623368496,C
-1.347374944763021,0.9673574603611286,-1.6141079231297035,1.112411264456052,B
-2.2069364144773247,-0.10961393857077818,-1.4901005588559721,-2.964340120472467,C
1.691262567483409,-0.3138813841337993,1.4249606823689969,-1.5110778408193644,A
-0.45476083950856244,-0.016996420276004807,1.3778830708587928,-1.5537375749341689,A
0.1712004275879933,0.21860996566106058,-2.09896524522446,-1.906535180333693,C
2.013904107479381,-0.9609268666602865,0.9621541467282493,-1.2932114063385651,A
0.5888778515796937,1.4947452908592265,-0.7207260812850688,2.6050545221155703,B
-1.100208677019487,-0.2700192649917757,1.173493219903005,-1.2760177983879555,A
-1.3173454219670915,-1.089232513665786,-1.1316952592417209,-1.6069465815385542,C
0.28268632427190465,0.805781473121658,-1.5561372123147226,0.8206638114506267,B
-0.6060310010019784,-1.6095507582329125,1.1884443969704324,-1.4617445998513936,A
0.47157993850840185,-0.7067687659652729,1.3427176198258959,-1.47922065331862,A
-0.39864941279120597,0.775657140359916,-0.7948908801559774,-0.9392090228922856,C
0.14364901747926642,-0.6778837593678948,1.175709420633415,-1.4322037872598987,A
-0.6887003326779649,-0.28047274962210766,-1.8610819583089322,0.7496291878560508,B
1.32810045947373,1.3740711884838168,-2.294990871492359,-0.4697266265794344,B
0.9839053044600368,-0.010277481918210022,-1.6097843177658069,-0.16796763399432346,B
-0.3244185395952515,-0.164599198142725,1.7802579434064654,-1.4901599726298977,A
-0.2508580827835856,1.3722025639660214,0.5996571301900184,-0.011698965670370987,C
-0.8271848401531854,0.21803791467249853,-1.5115312721048,-1.6491215497996667,C
0.5615074749318087,0.8657506542444617,1.3128187679233694,-1.3570872158325116,A
-1.9234060237669088,0.05277274522283433,-1.0058819499660556,2.2673656963238518,B
-0.33078487247715727,-0.8623811671932791,-2.553394265597107,-2.196343435269134,C
-0.7893722384401868,0.16764138980369495,-1.219711215894791,-1.6113298750675502,C
2.145435704862776,-1.35959941318948,1.368938409495762,-1.4131396614695904,A
-1.3543450683900866,-0.04346299139881357,-1.2951178804150194,2.5996166064706774,B
-0.47454417441453695,1.1185842102815315,-2.0661425658348174,-1.2267096328349512,C
0.6978042240770841,-0.03055346308926445,-1.5928968990020076,1.149285861081665,B
-0.7663256623211016,-0.45743057957925726,-1.2397401338810843,1.3282310938141566,B
0.015318638437370512,-0.02879888397119766,1.3678892886929066,-1.4139427769025426,A
-0.4913086744178901,-0.48750440484179997,-1.5514513738836708,-1.2195610379372754,C
0.7561915410783017,-0.5252939042900298,-1.9428783412185988,-2.1906629820745205,C
0.8625159830961728,-1.1060863778733576,1.9017416288893123,-1.7445269809816093,B
1.3044050473149766,0.2808230600478599,-1.116232168151637,2.816789293227866,B
-1.5108298820782333,0.20792378384278618,-1.8951014966759199,1.0842647858202168,B
2.6104891731248547,0.09786165096114997,-4.325727626931626,-3.7467906176466697,C
-1.6419338329922717,0.4928296041175513,-1.1528695391179329,2.0990965152502388,B
0.5444082942498596,-0.42388774773606824,-1.5894355373559805,-2.1642770140857834,C
-0.12522658955605842,1.1523619775163088,-0.8213087071082708,-0.6356008900808241,C
-0.6997983339066493,1.7364159127913095,2.242488773824539,-1.9502487644667588,A
0.4100032696469165,-0.29287870629127655,1.591852090278534,-1.4862055910323635,A
-0.42422463295985147,-0.9399177833067114,2.196701366808404,-1.618263862982882,C
-0.8595568354041142,-0.4225542794202764,-1.702999133380226,0.8730190102943615,B
0.3832813143917079,1.299303063991797,1.1769361119851478,0.5072284284995967,C
0.11918802655264482,-1.2750116548557056,-1.6382189353244612,0.6281879814769298,B
0.6366658691668549,0.7496532455598478,-0.3161662331406099,-1.1553876604626931,C
0.8129075968328895,-1.349954409403756,-1.257519938561635,1.0964073889895096,B
-0.931220120255102,0.17094464362063078,-1.7538664034312648,0.876322254399524,B
0.42876267193058315,0.268708138125189,-1.7100501093197207,-1.704799053422703,C
0.3090543768164947,-0.4158029736288001,-1.8335417255793698,0.8336687453906962,B
0.5708749846862047,0.08334049517007691,-1.1295107618219231,1.6938214046015234,B
1.1984129825975312,1.69548232908463,1.445590358881063,-1.5309278515683977,A
0.4593445213096642,-1.4383780375762336,1.7115288152176422,-1.740643281588848,A
-0.9717320233027632,0.3376618324786167,1.1601617517673455,-1.3121996987717686,A
-2.915451113796526,-0.5497763315769388,-1.913156545613511,1.1357865094002424,B
-0.7014834550545828,-0.046340100908444794,1.6515312558485122,-1.688294166274019,A
-0.4601334219401014,-0.6253640593355517,2.1667862503054396,-1.7867483784212808,A
-0.6146157443370506,1.380455384625137,-2.1793243426607947,-2.59558787304569,C
0.5563180293503183,-1.5842258281259316,1.2879640535982388,-1.708727934358296,A
-0.7042268491781731,-0.2375806853340053,-1.44507538725469,0.7674722320598121,B
-0.7021039915723211,-1.1472430493558061,-0.724241262740447,3.1935384836936263,B
1.063273863319026,0.6007334495885664,-1.6629845178840374,-1.8251258886678743,C
-0.4503591875269208,0.28509049346288395,1.5769752454518595,-1.4414713620744095,A
-0.9458054198531181,-0.25188457022872734,-1.318256399815764,2.0304290458564465,B
0.027739869143291233,0.3694674041197734,-1.2420169836020634,2.2972852213824764,B
-0.06289711677369705,0.6778767433973597,-1.5019435241020869,1.4317562445777203,B
0.0584087123058941,-0.7205516280155713,-0.9240677632153895,1.2717915850564767,B
-0.7627056351486077,0.9972005950167552,-1.2998618905010781,-1.4107639460161145,C
0.16670757542328876,0.29772614796620445,-0.9825515503210307,-0.19999521007932652,C
-1.3247645189247108,0.2363665642735745,-0.12576894879251777,0.09347278006865523,C
-0.11176113656862002,-0.5759318110420669,1.5054847670085822,-1.546598996154577,A
-1.1575821177655132,1.0083196533732506,-1.327365275445273,-1.0962793275861982,C
1.7082445568623355,2.275444628846017,1.1268788121959568,-1.1222216839963468,A
-0.13456854383426023,-1.0178323367402968,-1.8584005321761723,0.5756860234532424,B
1.5117061565829295,-0.09940401972772994,-1.3866337227043957,2.299037960655286,B
-1.5496708449852978,-1.4350849792663745,1.0445602366499624,-1.631774446156833,A
2.520924172096451,0.22567763198802762,1.4741795757345526,-1.4620451931889236,A
1.025067839061929,-1.0474546686543151,-1.40884360434279,1.0942136100707751,B
0.33557433043019713,-1.963534367529853,-1.2412972823971091,0.4894712764170317,B
-0.9526242783547757,0.48225687815130724,1.6094145397537856,-1.578791104786946,A
2.156727521938813,-0.13356686437311208,0.14135769048208546,-0.8247006029074574,C
0.9369145966458928,0.446286008172274,-1.6852888911063544,0.45417039880615495,B
0.9067097737047108,0.7702683097923488,-0.7893204000938939,-0.5599886769105848,C
1.444688667018457,0.0708259914705543,1.2185881261661753,-1.333645366772996,A
-0.1804785266119629,-0.2132703055345728,-1.2263228434450086,1.075086245894842,B
-0.9685330803870501,0.5847789478961193,1.3330908884824815,-1.2817313445444931,A
-0.0812655829853214,-0.15075456044587535,-1.7532503999042308,-1.0723432867983376,C
-0.11275076309036525,0.11097173603332412,-1.3999550499051476,1.509166492466474,B
-0.06594670735186124,-0.8181984623325523,-1.0287853050548996,-1.5050502186161316,C
-0.46860401857440975,0.692540829714795,-1.306147747451194,-0.6779919843908965,A
-0.021938789178527672,-0.03687882107746837,-1.5478889764376993,1.7035634783990894,B
0.0821361477446405,1.4620185288786611,-1.5551931724052996,1.0334463879498663,B
1.2495779970064826,-0.008641544168949931,1.8406531575590552,-1.4745936532573158,A
-0.1827730793685331,0.30734507224992147,1.5873906660921548,-1.4781920022678487,A
-1.173951358400356,1.7726260623135603,1.7086725075465616,-1.625500168501986,A
1.1513274230250403,0.6798270726691659,1.9058227532309888,-1.21307941249188,A
1.6642920205790293,1.4583611369574812,-1.605973264557048,-1.3763645636433361,C
0.241263680552196,1.0698855899588926,-2.02013944409352,-1.3324106770880253,C
-0.5997663328796158,-0.9531099347782619,1.6506019144060113,-1.5011387147621398,A
-0.49818324942524117,-0.3195175608478967,1.2613930511624591,-1.3501373091623905,A
-1.609606595836312,0.23284512596133944,-0.9454586312306722,2.7615363074774963,B
1.4657974225618908,-0.01851891371545413,1.9858756978077448,-2.0474925091896243,A
0.02686863799286679,-0.3688361450034103,1.144473585166833,-1.4065470790699355,A
-0.21533400992395688,0.01768415211366459,-1.8584819249536917,-1.3416049552708036,C
-0.6757431790764022,-0.2618137556237917,-1.149670964831994,2.7103361139574833,B
0.7034155624754879,0.3095965939856574,1.7891994642792506,-1.8083415556509124,A
-1.6779181334419337,-0.01810873819114751,1.2533157965886945,-1.1459624226169458,A
-0.5401620462140045,-0.72785474362977,-1.5228941921130856,1.7304198420520316,B
-0.5606360797068327,-0.05745721676941888,-1.1836338480371809,0.7448166162195177,B
-0.9428481919987687,-0.5211444392625766,-1.147090462484135,-1.754731060759894,C
-0.6059744554683084,-1.3516539002084866,-1.3773605968932718,1.165287386823199,B
0.8930220669959509,1.0487440560943146,-1.5637335036868927,-1.0271588969757537,C
1.4396404229833635,0.16742627698459414,-1.5105289596246447,2.193819842434678,B
-1.712682186348474,0.06495241943865467,2.0954357189100503,-1.7190474476565143,A
0.7248171980593578,-0.6916972036056469,-1.4704558718030551,0.5568308604180316,B
0.4411386197167046,2.135497269917486,-1.200510227951896,2.4626864212182804,B
0.4723340040605916,1.1845624238851806,-2.673328083223235,-2.7281796370201405,C
1.0183795905019273,-1.0267339442144352,1.6566625547957106,-1.6677308763732055,A
-2.1468730641827096,-1.5878460655807807,1.4593531938122037,-1.552523741346799,A
-1.3603922252289693,1.6227977742208772,-1.4000580841555406,-1.4163716158272543,C
0.06637160068421626,-0.10145375649841518,-1.492872814064471,-0.17512125253501076,B
0.987869172263448,0.4783863422386424,-1.4146435114793692,0.8372186162690901,B
-1.0440412660355234,-0.8463369290434156,0.9968647049463424,-1.2602665420523713,A
-0.10387783186281203,1.2642831778782362,1.6026787913044076,-1.764318333024716,A
0.7523790494504846,-0.41565949793214113,1.9848302207597825,-1.8385654736906594,A
-0.8960212097864569,1.2699034477440883,1.6197840483021337,-1.6114705318168452,A
1.793550180272094,0.08346747149140091,1.1730701224134858,-1.3998287178776372,A
0.12713124379925053,-1.4318552661452262,-1.5589132482635364,1.9582224769300645,B
-0.3165129956476869,-0.6991876611006322,1.6786406165023424,-1.3010783191425208,A
-1.2525634842286,0.32936168158808665,-1.7930264927299657,1.0001508341004537,B
0.2836152197006805,1.3215532917496267,-2.1479055432705514,0.6376241120319737,B
-0.9321121226198616,-0.06961186241171803,1.6792392599077979,-1.7679036721019115,A
0.07121079984568282,-1.4395842974617903,-1.2618899717893637,-0.859047675637082,A
-1.9181398957843587,0.16376836419396476,-0.7225656128550023,-0.8697373374440357,C
1.564675545977698,-0.33337813499819324,0.11616069935446727,0.04049514084613981,C
-0.7582293924365354,-0.32494650847811085,-0.9975698155742247,-2.249621158678276,C
-0.5989506785044637,-0.8734768210981454,1.9375109341810086,-1.712593859792605,A
-1.9343343261879207,0.5626487215891202,-1.9126052851634936,1.8959973567897166,B
-1.6819374270656449,-0.8329572969461835,-0.9228409999599446,-0.7698299013761474,C
0.8212764751449384,-0.25218168193939966,1.2710043654472274,-1.586053733229779,A
-0.1551116730267912,0.19419436544997615,1.3396110122650569,-1.310392754633476,A
-0.21281647226508704,0.28652406860715357,1.4030675702136706,-1.5705819820075106,A
0.3003077876020091,0.2960144309904755,-0.6738637464259501,-0.930916101493493,C
-0.34420604936401794,-0.5667725881272827,1.4231673892917789,-1.4470434265282923,A
0.046464277593680284,1.4255870402290172,1.71186655753029,-1.6336574037012466,A
0.1990057270998952,0.29384506715252695,-0.8795558843456087,-1.5079906395622955,C
0.6927206825636336,0.011498062150921685,1.5258972951787526,-1.5156766925173994,A
-0.8730231982487642,0.7954259223397077,-1.0039129703092335,1.2940647759380601,B
1.2060906202770794,0.48020233036616405,-2.7201262858907787,-2.807855187560297,C
0.8199805917946118,0.678747552418055,2.5787316398979447,-2.1632070192481394,A
-1.098004311202659,-1.3287461609721898,-1.6650252204337666,-0.9591079164955003,B
0.047244513366082784,0.8208693923967237,-1.0555049820950013,3.231989865179676,B
2.71792405074214,0.6595388148970922,1.683879776490727,-1.7693494042293887,A
-1.2101398724845565,0.15423263311168464,-1.90925461277748,1.179848029907813,B
-0.44700954449230734,0.3674642367344974,-0.8207822824043639,-0.9034605166495723,C
0.1173583333292373,0.583303419277547,1.028483800701442,-1.391291753693639,A
-0.5549146921161728,-0.2617077359409652,-1.16320146227656,1.1700095816487885,B
-2.028171163688758,1.2815435626971765,1.2510185978333896,-1.6101284785192158,A
-0.3258478910434984,-1.20966379998772,-1.6151660413724198,0.9626316944723544,B
-0.19655137378203835,-0.3082085524138284,1.013729475534901,-1.4441829678978773,A
0.6699732604239046,-1.3118348455353077,-1.6800673231053849,-2.027649397917375,C
1.0920330944756895,0.2498597752434091,-1.1682770561378175,-1.6680646404703474,C
-0.7829772545119509,-0.7810470909952912,-0.1557106776266739,-0.6286128918732962,C
-0.10788915186239542,0.9082908090287921,1.2765612488209006,-1.706852375490079,A
2.1258781047164104,0.6377434737072463,1.3879825245277826,-1.310636153042841,A
-1.088047267656839,1.0234310907491082,-2.201122653653942,-1.977049469142509,C
0.8584439771964418,0.35608693749868336,-1.2172372073275102,2.064729987440308,B
1.149548288688488,-0.36656627659768426,-1.974622395743198,0.5541856772876778,B
-1.7644824781920319,-0.7285735699163719,-0.6240199458789981,-0.15714473384479355,C
0.523015085075079,-0.07665457595339174,-1.771724960017396,-2.01595994694915,C
-1.8689158985572278,1.0205911186462768,-1.6421221009007176,2.3422583767179037,B
-0.7577610414220846,2.6601620702745743,0.9015868487497284,-1.4010704329212513,A
-0.8224231267509339,-1.2840872673862909,-0.9733560026066567,2.9120388457386857,B
-0.1373774552192463,0.5491346428299516,-1.6062733729481273,1.8419940663307495,B
-1.1078311927852595,1.2230503967963318,-0.882261108822904,-0.29791295456082256,C
0.16902761374043943,1.4401712223494376,-1.5288842887506895,-0.9347283431409941,C
-0.5303382287379861,0.03770869774002183,-3.0670264672294163,-1.9506986692764539,C
0.11361218823226497,-2.196819381852523,1.1806796116714047,0.8803636079036683,C
0.725954628710146,0.415951918491324,-3.487437199549139,-2.4752304918556387,C
-0.8802623866264732,0.0677443553781915,-1.6346151505015563,2.172717672758658,B
-0.6726401455727854,0.9754418945961033,-1.997458545718843,-2.133302117732705,C
1.1700945389014654,-1.2914937306700025,1.7986764351513953,-1.7193109580324608,A
0.5453568479429676,-0.7844732815547594,-2.6767720344556345,-2.1040862102845344,C
-0.3595595765461791,-1.7342640752787373,-2.2064449535313395,-1.7390795518824587,C
0.632096718646469,0.07841724250050386,-2.078773691869256,0.7624631492266769,B
-0.3761487979682183,-0.20239618329283302,-1.4712124083507432,-2.6413036644208145,C
0.01704000498331605,0.012909009077754772,-1.460691359601978,0.818714001910053,B
-1.1078005855802995,-0.24590037465446363,0.5328675339050774,-1.1619580673142973,A
0.43270834734074803,-1.1566700343017327,-0.9545176298386049,-0.6924093587241534,C
-0.23588317097539171,-2.2735427834811,1.9598591131688525,-1.7025182997194004,A
-0.28709776543497895,1.144336134437967,-2.41571553204244,-2.5854321369571087,C
-0.4064401314940325,-0.5360551160759438,-1.421915179064056,-2.054441970261095,C
-0.581585975349429,-0.23934004871200534,-0.45058909924803503,-0.5077929681639523,C
-1.7837537104515055,-0.7943907867903985,-2.1746380957893345,-1.5459214185805512,C
1.023290101536215,-0.902789820812985,2.0309295370830585,-1.7829783910621393,A
1.5679747343010575,-0.2010007158391025,1.8195305970427447,-1.4221181667545382,A
-0.6015819862156874,-0.11752024125314287,1.5733777825556006,-1.5748516970556838,A
1.2864208225682863,1.2914186161019245,-0.8541782356203845,2.9669807850014314,B
0.9680322583814565,-1.0993876733077752,-1.6997559663065767,-2.511178609855847,C
0.04044444418515178,-0.9869510278579334,1.2857626713107977,-1.5586149869667405,A
0.8757596310798546,-0.13375578874965172,1.6814210067906692,-1.6282895498930792,A
-0.3686240592214053,1.1779275849815298,-1.2328586308383183,1.9313135069566707,B
-0.7638197559274368,0.7126234974454829,1.1821270284501877,-1.3688799263906237,A
0.22039758225440892,1.1484452254918276,-1.147216116450631,1.602556772715127,B
0.16208836439980173,-0.9318485751693548,1.5648652038731323,-1.7204522723801083,A
-0.9082176743196624,1.1673571461421017,-2.2311501206251805,-2.911701523534117,C
-0.4530835671112576,1.3349715844731167,-0.5614963424394588,0.05112350375016095,A
-0.09159218399684077,-1.6302398986722557,1.7673703204304463,-1.6250173781474888,A
-0.43644286000249766,1.0787847859408506,-1.1969017777808173,-0.7709370066324616,C
0.2535888161848188,0.033189712106360444,-0.28345182432698035,0.7837784419684812,C
1.2924331024434517,-1.1348751969989932,-0.4711327371013416,-0.35865858624484814,C
-0.01888395665804136,1.0438742031308836,-2.0807403499443624,-0.15235166359003127,B
-2.9199120357537995,-0.829668185049356,1.1274940393268755,0.5785013296320511,C
1.5945546904457393,0.8258560319953205,1.470906365652796,-1.487636570226497,A
0.11277258132669207,-0.7690192460446561,1.2125117282927191,-1.5483752825765487,A
1.569577421744776,-0.5215062548676078,1.8150526156713793,-1.5325978867194596,A
0.799024773059568,0.3539323796371471,-1.4824391961861325,-1.1045967839660813,C
-0.6260795970632539,-0.8756579005387531,-2.0336765703576383,0.605359476127656,B
-1.5992243168751792,-0.8735929177664008,-2.633800156301391,-2.34134032320838,C
0.7147759773313421,1.239026121975245,-1.817768247315058,-1.8998369876314236,C
-1.0499951192696697,-1.1946381236846495,-0.5943687607734162,-0.6275748762376002,C
0.21593497948004126,0.0035877964322830495,0.20530097135138758,0.5488339131033237,C
-1.9413977790936678,1.3843291661886068,-1.201609046772789,2.0933678336440584,B
1.0441280980111227,-0.7429540430768299,-3.44300630971792,-3.2401912249557885,C
-0.05035810180518865,-1.794889674193316,-1.012132950402184,3.3610098500795393,B
-1.1906041316704437,-0.28224300975968825,2.1014271303626124,-1.4548435173085184,A
-0.06383083538452275,-0.6630029321290951,-1.8137680203878814,0.7118950530259538,B
0.9741490501331671,-2.24666808250403,1.6473287673301993,-1.5732889481569947,A
-0.9055283016978988,1.1461626119696635,-1.7083222077510667,-0.9815007904474154,C
0.2956912695192614,-0.347037844056144,1.7268909487157513,-1.7789809375289733,A
0.37104498322550344,-0.05940760749501713,1.3341898429944505,-1.3569108946730664,A
0.83499712027229,0.9813573219991559,-1.9531369120199569,-3.30092855032511,C
-0.5844830719140643,1.487449506702849,-2.0639426061688124,-1.8739541985115729,C
1.7260106777216084,-0.7935308609334513,1.6799951119401115,-1.7232180054504302,A
-0.10839616592618939,-0.046676873159936245,-0.6176235444460098,-1.046642028219496,C
0.7916397425541265,0.8256175062235024,-0.09963843863828847,-0.19838869663120517,C
1.05055925678754,0.7445004731982682,-0.5379026487588372,-0.7872049252588815,C
-0.5733503089371595,0.4834768538562978,1.6135180867067398,-1.5842517384351005,A
-0.18537875364582693,-0.22642227106077417,-1.5214477146877938,2.2915608545772788,B
0.673674943009989,0.1995505906304241,-1.2390281246478843,2.420492329834492,B
0.9000107064877665,-0.8666994049872024,1.6350183770529683,-1.4434241964907015,A
0.589388422098748,0.13957246974402016,1.176259118694576,-1.4600629116953943,A
-1.2985604913638824,-1.2188944620205946,-2.4792930353808478,-1.8198255105989034,C
1.1183531220176754,0.6219466856189955,-1.2361426477485529,1.8453568220766206,B
0.16904406647358955,0.324906600762765,-0.9100799606200749,-0.44550536202031643,C
-1.1266019726881322,0.9255454583570452,1.1885906365020178,-1.3010229827973998,A
-0.6708469200063525,-0.7029577261143761,-1.2405504457411975,-1.6109161934282437,C
-0.4732753716620199,0.6681872464249073,-0.31367420180846417,-0.4037083423346022,C
-0.7143148003834532,-0.7207244606323596,-1.0692239986519456,2.8443410103356763,B
1.101119352613269,-0.1225621668402132,-1.2184065542560616,1.7717488584107153,B
0.4025557110615833,0.23053491180237567,-1.2856452542522294,0.5715820884546274,B
0.9029181535582221,1.147989951394888,1.2038214297607213,-1.2824146672499437,A
-0.2632058732668256,-1.5191040712704797,-1.6333302596055241,0.914470181782011,B
0.5593727596001169,0.9090165793417504,-1.272644052311152,0.891156519166694,B
-0.10976964160964355,-1.958308413350195,0.9742603042575114,-1.1608429757218037,A
0.8001105847599352,-1.5504050195418027,-1.6252514342688953,-1.5561416112738065,C
-1.0461074715587453,0.10787919093713012,0.9244630326130455,-1.2407894425773824,A
-1.9410115087506166,-0.10851063930750245,-1.9634244201795996,1.1119245918457068,B
0.8100353478012918,-0.2456718249699286,1.2738961868585035,-1.4312399872698183,A
-0.20550009919663675,-1.5288011939379627,-3.1189095489956298,-3.4583622119503192,C
2.1580670448998807,1.5094930119688716,-1.5746346464127758,1.2888984966742472,B
-0.970898878804475,-0.8530419477281334,1.479756360263214,-1.3763394036740286,A
-0.06699592177714919,-0.2188066295108402,-1.8953254387152902,-1.3103358518149488,B
-1.53510342871202,1.0266339277371628,-1.2900105577421952,2.5907221808656775,B
-1.167748234104275,0.18717387830141455,1.3514262164011785,-1.419075204601056,A
0.49196279403716936,-1.9887794945866166,2.0241358245035945,-1.715605179552539,A
-0.8941737760016938,0.07526409811378716,1.5403753041580277,-1.5937571702443845,A
1.946161910673417,0.49677484519088716,1.5653352129375884,-1.4230304940842489,A
-0.16304038130444262,0.6099524124599301,-0.7330396861881617,-0.6983529382608314,C
-0.9368777008046459,-0.464037940285922,-1.752272003191007,1.371746965089409,B
-0.5199348658997875,0.4929859139779197,-1.2554218936109238,1.709114431724824,B
0.040816649364810303,-1.6854410821722985,-2.430563806681679,-2.5528589503309504,C
-0.35391912663758096,0.09833885385879078,-1.213226809285851,0.8318614466085543,B
-0.6591854788383679,1.6079683077948217,-2.565823885262389,-2.584041560645903,C
0.433112358836326,-1.0642967044806209,-1.6441274586734247,1.7180064789410936,B
-1.613386143180545,-1.9257663426841818,1.3180720677616582,-1.275655767723982,A
-0.20344725049950357,0.16976291850151834,-1.9079631249865032,-1.0968652498730218,C
-0.40386684399718353,1.7006773755712798,1.4391234801218145,-1.4249057250715313,A
1.7381080522319443,0.10154655520101839,-2.3732163510121613,-0.868020557021747,B
0.7269286549300457,-0.5013004072290983,1.474652614114567,-1.339538822330256,A
0.12565302930365577,0.3659256986898849,0.009858916694125863,-0.31260337445592046,C
-1.980689019465905,-0.02183128530141237,1.7853301093799465,-1.644085818417752,A
-1.368378981537802,-0.40182852158470356,-2.145576536954521,0.5716212594398034,B
0.6201403497909489,0.11792036785458089,1.1544905138475139,-1.2488991797745777,A
-2.0097923402470568,-0.8931308516718595,1.6685704034987723,-1.600812181819292,A
0.9519269608987394,0.20467637633181732,1.8146481787363469,-1.576840156877676,A
0.40012804515117495,-0.3960888610204415,-0.9310841936065226,1.7278159119411338,B
-1.7577880852892884,-0.3712975048958212,-1.7403627419542382,-1.429543267954811,C
-1.1985410498378233,-0.07249863721551603,-0.8638232205502414,-1.2441234458636767,C
0.9578842381589832,-0.42876018874829824,1.7751517341648377,-1.4895687212428883,A
-0.5112842046155373,-0.47878925401399486,-1.6540676009854742,-1.6548835562971007,C
-1.2258127529032181,0.20440400681125076,2.123289025488199,-1.646184662018857,A
0.06304074093786968,-0.8204233030518682,-1.473996658450408,-2.670899058553072,C
-0.7177580665240719,-1.2496861637622887,1.7016545897688296,-1.4545071429401457,A
-2.396127237064789,-0.6582060404041488,-0.6277551802791543,-1.2618893840185745,C
-0.4432081514081934,1.007197507174487,1.351989791088447,-1.4276195240697647,A
-0.5974081269654024,-0.6890110588519324,-1.5779607212847613,-0.03993526130945724,B
0.2729579486237308,1.954782265522362,-3.6255061857356052,-3.274846860363425,C
0.8519702937435515,-2.245335802178297,-1.6475961008017141,-2.4781782232435803,C
0.21361912177267806,-0.00412433500402544,1.1639968557209728,-1.2951114145547105,A
-0.629342357007947,-0.6760254693762744,-3.2716067022073347,-2.9815290633363807,C
0.49759551783347256,0.24701660917818585,-1.9763576330627999,-1.3348002155029244,B
0.1343833864947848,0.061131841112235234,-1.1185819613356875,1.6675937069999385,B
0.15058357816105564,-0.216706626228821,1.5428280214735859,-1.652341117854059,A
-0.3606980512212487,2.5421751299257758,-1.7664970025785134,1.2881354058700212,B
0.6345673301425908,-0.4151941297048613,-1.1212077178988138,2.433673899684954,B
-1.0727477127083698,1.5864642562343156,-1.646804964805693,-0.0663804811075197,B
-1.2152785562915944,0.11665752362041472,0.8637557934123675,-1.2380902823801976,A
-1.680105035424384,0.7030869876152334,1.5170907023752025,-1.5173867876487237,A
1.326026117274084,-0.9294748521202066,1.394813659867597,-1.335812961924972,A
1.2657184326286637,0.30568520668674676,-2.1461939482845427,-2.227303339458619,C
-0.9592463459038637,0.7412137358887271,-2.098934394138512,-1.6021019593323218,C
-2.210387370634242,-0.4426619700861149,-1.556332252610951,2.1445824301804244,B
-0.9245741977933659,-1.3626249019051697,1.7191357646711642,-1.566840008247853,A
0.09728850745450031,-1.987019801243525,-1.0373208491087482,-2.6067114107018305,C
1.4919421186884951,1.3058679378705764,1.5828976119130374,-1.556945539239703,A
0.31833248965103905,1.0023538297318035,-2.8053187292854247,-3.4066046847239884,C
-3.278297186607729,0.5050801161291729,-1.145295838373053,2.824011388207081,B
1.7167946025248546,-2.17905786143338,-1.3690757745630835,3.7113543688007287,B
0.497880359983699,2.213445190149153,0.26118828093296487,-0.4869684624358641,C
-0.980900873621455,-0.5255931052612116,-2.4479488759081205,-1.1773790318383135,B
-1.1683466874511734,-0.694567704782761,1.3100432796446,-1.5883562382129057,A
1.4417020310214956,0.48550547115544096,-0.9672655347053672,-0.04428656386915519,C
-0.38120755293871117,-0.7433916383861219,-1.5864461932220697,1.8639664359159624,B
0.338487616057165,2.1035005399781967,-1.4917552722918763,1.5710201084040212,B
0.6298048738295426,-0.315120994931783,-1.699083501591806,1.3479616407062167,B
0.5112744227857617,-1.0612609455730697,-1.6203731450063559,2.3905946755177117,B
0.8308109480014266,0.3895728592343583,1.853917790006707,-1.5765556688051379,A
1.3194473059298677,-0.7314969069616696,-3.0503068533975704,-2.3489101336290727,C
-0.27788061853033036,0.7022826177669677,1.8902765081989248,-1.7329603037021009,A
-0.743902174722155,2.133232862511726,1.9561451839246726,-1.6553578525649486,A
-0.47374996450235757,1.1920721436473296,1.1929225196631124,-1.435061496594324,A
0.05824738537481693,-0.5546306789224591,1.3438545357418081,-1.546184809487549,A
0.6427156539204383,-1.4091686192178907,-1.116439232779164,2.58251600450538,B
2.588008499813579,0.29354568560073896,1.9918637353108588,-1.4711416803389494,A
-0.24218493618541384,1.9110220713681545,-1.0441343100929101,-0.2997357105175573,C
0.8580024707854025,-0.04735795429655568,1.6048147379958901,-1.5645061648673066,A
0.1308934087422488,-1.0735673591403687,-1.5861011466959118,-1.3862108560072726,C
-0.8558878855758404,0.21266735070003737,-2.003846600952262,0.47565179411430036,B
0.7635547846210878,-0.43153626214449997,-1.1483602952557053,2.3183509477754662,B
-0.5322680741260748,1.2469400341491779,-1.5407508479576708,-1.271550611754996,C
1.0988541492293795,-1.4131408492968398,-1.4913786096221864,-1.770021283633893,C
0.33409578216897096,0.6984002473143242,1.4715790136251392,-1.2810218300581218,A
0.10163080480821833,1.1871970789363027,-2.218936732638363,-1.9165087286197013,C
-0.24766279877048664,-0.18821691456925604,-3.636125635662035,-3.828041908844389,C
0.21881678018565426,0.5050101447593425,2.277372702908086,-2.006622719755986,A
-0.5342434930354638,-0.412151373458661,-2.532518839676539,-2.2265565453376155,C
-0.9989946845167287,-0.7527797812010737,2.125739552722009,-1.7981745989921207,A
-0.4247809676805181,0.7566835576172988,-1.728838131904188,0.8936647542417131,B
0.761643675820415,0.5405930840419023,-1.1321926527350694,-0.7195047134176732,C
0.554072747110408,0.241426278141052,-1.8180109174364953,-1.2127151739275934,C
1.4330547153134834,0.1626484052087445,-1.439749621988633,2.5696309938732567,B
0.4325924911477857,-0.7045170639273173,-1.2121155414036129,-1.299370426957422,C
1.7162619049127457,-0.004624474170497904,-0.6993927265243701,-1.3757789127778566,C
1.7338438776651712,-0.7752171212187275,-1.575824539693528,1.5812932487305307,B
1.2288459985136817,-0.6158000765743605,-2.1017900274022976,-2.0445483865982923,C
0.7507598945235262,0.3289641052192769,1.6369855954983252,-1.580558239744892,A
2.41100349632199,0.8367798330466655,-1.0746120567820976,-2.148949640115727,C
-0.33620918555449286,2.2264366974168346,1.8221777256566516,-1.7442246971132234,A
0.06731395608645598,-0.5047077282195157,-2.38367123968209,-2.4957100383508757,C
0.248531655823958,-1.2332673980945517,-4.030578147374541,-4.790634202140915,C
1.9118602350955705,-0.2995494693783721,1.4435926316971452,-1.4659642398773922,A
0.07724509200039067,-0.2972717844386518,-1.9301366818957617,0.822862916643584,B
1.3750099807484417,1.6466389339656333,1.4532493998786826,-1.4213690229492166,A
2.1659472970477567,-0.22184980614406222,-1.7722745020920414,0.7147371849744872,B
-0.5263042491989636,0.7496040521654929,-1.081440596805161,-2.3469417737008604,C
2.4230045079855937,-2.118969215033333,-1.486974323479956,-2.6667387780214535,C
0.6823320839298789,-0.40730752935480213,-0.9704773937422567,-0.9358557410781378,C
-0.09532152390072299,0.20222586609855875,-1.4805056036030733,1.47821170828088,B
-0.6622179628517251,-0.5061906151395975,-1.0599957987240707,4.119705127173364,B
-0.19525939247455298,0.8142694433297236,1.2909280948076272,-1.3340590984031477,A
-0.13377086027830803,-0.7349922730947177,-1.7198265874538408,1.1513634776419561,B
0.5205883001946776,-0.40506169224527516,-1.996690526479617,-1.2966021049389453,C
0.7211637166151003,0.1048844504805091,-1.5567484769384823,1.6525949997368754,B
0.07634550170500962,0.003771784608538283,1.0036810387226347,-1.4383150003156648,A
1.624122092906624,0.27150292331084946,-1.7090970177238038,2.2425250648141546,B
-1.7413544494020894,1.4597359044128642,-2.8240682919668436,-3.6465169968929327,C
-0.20209725053490457,-1.6841826279158045,-1.8315187829648876,0.43141141467206046,B
-0.2521356268844122,-1.1063921433949957,1.1007284642400283,-1.2619458833358603,A
-0.3304175419625151,-1.0907088587179476,1.3015634712318833,-1.4437101634296075,A
0.9077669848369836,-0.24804945106411086,-1.8936531508997276,-0.3272361664031733,B
0.5830194512421945,0.41259500605120225,-1.1018899041917134,3.4366684586530374,B
-0.8237457611539458,0.6180128866121973,1.61381851388347,-1.6986963431525914,A
1.1052772375110558,-0.8133818237053335,-3.387345534379828,-1.927160188160987,C
0.39475058711204275,1.932157290876264,1.606475833532655,-1.4102932992372335,A
0.014079137165470804,-0.11350864862308609,1.5053579665504382,-1.4340205672848294,A
0.2556970022300625,0.7113347746339873,-1.0372862106510492,-0.6430711247050641,C
-2.8573975127957145,0.9369788023210956,2.2483158039190334,-1.8106550620703308,A
-2.098445582255619,1.2654692752643129,-2.367630964281144,-2.64550343998287,C
-1.7077580829800854,-0.6298882200325107,-1.3111719859054367,2.77152521329251,B
-0.42176971810034186,1.1270406553159875,0.8097601530274344,-1.154788766757008,A
-1.541048629221978,0.3636643837411756,1.5275538331752463,-1.782550924087858,A
-0.46978396660477506,-0.5105853997439448,1.8455370135530795,-1.8322150045791876,A
0.11677328296283622,-0.3032649075414697,-1.7933723936685817,0.45662594391095124,B
0.8590102995917153,0.8403876356180914,1.3785932498270679,-1.6594170745920873,A
-0.926977416972199,0.11601037125187086,1.3470654191996048,-1.3510276667149868,A
0.6245861659931146,-1.9927224984423164,1.656941373997408,-1.551031090651693,A
0.9219268192453726,-1.2827219413966309,1.2305780267563384,-1.5445334350791995,A
0.40064238547085146,1.3396431748214497,-0.8762316734804252,4.201453294503054,B
-1.004158553516807,-1.5358828219442067,-1.404374384294613,-1.884418644357583,C
-1.1536739409595793,-0.6137594797159397,1.9238382291837646,-1.815039370563349,A
0.13473012112244487,0.7207465428468548,-0.5741431767600953,-1.8054101486676832,C
0.7344344751094556,-0.43001493801949353,1.582068424921519,-1.7150559443886073,A
-0.6691199515868204,0.759090526024152,-1.525831621626229,2.5693457427175472,B
0.2518503076101477,-0.25867642612291336,0.04417065224814287,0.20467331686342471,C
0.3893849589220714,0.021702876261882803,0.9501767213165728,-1.2059513498453076,A
-0.4744149541899504,-0.44133750436632746,1.243731384831302,-1.3668766235776437,A
-0.9681188437201671,0.11471609469034501,-0.00032441011913442175,0.057485933644837006,C
0.3511202106264604,0.6867120587466777,-0.8266304446680144,-1.235755216638079,C
0.11400416059667969,0.9880268728133683,-1.7054107179679454,0.4497623480988584,B
-0.2292597632060853,-0.28954026994682885,-1.994184580801884,0.9405315746581948,B
0.3843933930600403,-0.5482074267265069,1.860961710461688,-1.7231929208259162,A
-0.6889026347542675,1.5881537705832085,-0.4324797023186078,-0.44920395570189386,C
-1.6781190127372965,-1.3770923935987833,-1.085398891947737,1.5274393451669896,B
